,PyIAAS,CNN-LSTM,LSTM,RF
RMSE,75.38198287248004,87.01463834786084,93.36077761796244,95.16337546289844
MAE,61.450869223057595,66.80304533834587,73.09213754385961,74.69930610743388
MAPE,0.10790945543489361,0.1187752569211012,0.12598194571836174,0.12872022302080846
Parameter,1401.0,97257.0,78703.0,
